keyword,ranking_url,clicks,previous_clicks,clicks_delta,impressions,previous_impressions,ctr,previous_ctr,average_position,previous_position,position_delta,status
1121 basmati rice supplier,,0,,,0,,0,,,,,not_visible
1121 vs 1509 vs 1401 basmati rice difference,,0,,,0,,0,,,,,not_visible
1401 basmati rice supplier,,0,,,0,,0,,,,,not_visible
1509 basmati rice supplier,,0,,,0,,0,,,,,not_visible
1718 basmati rice supplier,,0,,,0,,0,,,,,not_visible
basmati rice manufacturer in India,,0,,,0,,0,,,,,not_visible
basmati rice manufacturer Karnal,,0,,,0,,0,,,,,not_visible
basmati rice supplier India for overseas buyers,,0,,,0,,0,,,,,not_visible
bulk basmati rice supplier,,0,,,0,,0,,,,,not_visible
bulk rice quotation,,0,,,0,,0,,,,,not_visible
how to identify basmati rice varieties,,0,,,0,,0,,,,,not_visible
private label basmati rice supplier,,0,,,0,,0,,,,,not_visible
rice manufacturer for merchant exporters,,0,,,0,,0,,,,,not_visible
rice mill in Karnal,,0,,,0,,0,,,,,not_visible
rice quality specification supplier,,0,,,0,,0,,,,,not_visible
traditional basmati rice supplier,,0,,,0,,0,,,,,not_visible
